{
  "model": "Davlan/afro-xlmr-base",
  "train_languages": [
    "zu",
    "xh"
  ],
  "test_language": "ss",
  "siswati_crosslingual": {
    "precision": 0.8719512195121951,
    "recall": 0.7136363636363636,
    "macro_f1": 0.7259364838982674,
    "mcc": 0.5638
  }
}