{
    "experiment": "SADiLaR morphology-based classifier",
    "model": "RandomForestClassifier",
    "label_mapping": {
        "0": "Human-written",
        "1": "Machine-generated"
    },
    "feature_columns": [
        "word_count",
        "matched_words",
        "unmatched_words",
        "sadilar_coverage",
        "avg_word_length",
        "unique_word_ratio",
        "unique_morph_analysis_count",
        "morph_diversity_ratio"
    ],
    "test_size": 0.2,
    "random_state": 42,
    "macro_f1": 0.8096345514950166,
    "mcc": 0.6221654470205925,
    "classification_report": {
        "0": {
            "precision": 0.8613861386138614,
            "recall": 0.7981651376146789,
            "f1-score": 0.8285714285714286,
            "support": 109.0
        },
        "1": {
            "precision": 0.7555555555555555,
            "recall": 0.8292682926829268,
            "f1-score": 0.7906976744186046,
            "support": 82.0
        },
        "accuracy": 0.8115183246073299,
        "macro avg": {
            "precision": 0.8084708470847084,
            "recall": 0.8137167151488028,
            "f1-score": 0.8096345514950166,
            "support": 191.0
        },
        "weighted avg": {
            "precision": 0.8159510191856882,
            "recall": 0.8115183246073299,
            "f1-score": 0.812311492233567,
            "support": 191.0
        }
    },
    "confusion_matrix": [
        [
            87,
            22
        ],
        [
            14,
            68
        ]
    ],
    "feature_importance": {
        "avg_word_length": 0.3407856648816739,
        "morph_diversity_ratio": 0.16345317685041716,
        "sadilar_coverage": 0.11366145400877631,
        "unique_word_ratio": 0.09320696623345975,
        "word_count": 0.09202639017530753,
        "unmatched_words": 0.08447805229179739,
        "matched_words": 0.058540778626785576,
        "unique_morph_analysis_count": 0.05384751693178242
    }
}